{"cameraMode":{"drawMode":0,"name":"Shaded","section":"Shading Mode"},"sceneLighting":true,"audioPlay":false,"sceneViewState":{"m_AlwaysRefresh":false,"showFog":true,"showSkybox":true,"showFlares":true,"showImageEffects":true,"showParticleSystems":true,"showVisualEffectGraphs":true,"m_FxEnabled":true},"in2DMode":false,"pivot":{"x":-18.836484909057618,"y":0.38237690925598147,"z":-14.84052562713623},"rotation":{"x":-0.07200011610984802,"y":0.34478649497032168,"z":-0.026535185053944589,"w":-0.9355409741401672},"size":26.269556045532228,"orthographic":false}